pair,ic,sharpe,return_pct,max_dd_pct,trades,final
STORJ-ENJ,-0.30762721772516866,3.7908352463729025,628.8567851738381,-29.789978156051895,21,72885.67851738381
DOT-ZRX,-0.27099947399538615,3.0227023990275073,258.9469198444746,-37.21828679083985,17,35894.69198444746
ONT-ATA,-0.3019864208221949,2.704461698806401,290.7180228406632,-55.011884505848045,17,39071.80228406632
ANKR-STORJ,-0.3211995044052625,2.6444538480827786,268.95709215155955,-28.022690667521026,17,36895.709215155955
ATA-STORJ,-0.32503651886816287,2.4602586958831245,225.1662073503174,-34.852644625432866,17,32516.620735031738
